{
    "rmse": 0.6793363609536447,
    "mae": 0.5309686184601357,
    "r2": 0.2230348224862314
}