{
    "rmse": 0.6905566122107779,
    "mae": 0.5476362937527331,
    "r2": 0.25790782031119397
}